"Symbol","Name","LastSale","MarketCap","ADR TSO","IPOyear","Sector","industry","Summary Quote",
"FLWS","1-800 FLOWERS.COM, Inc.","3.8899","252021513.5613","n/a","1999","Consumer Services","Other Specialty Stores","http://www.nasdaq.com/symbol/flws",
"FCTY","1st Century Bancshares, Inc","4.55","41486790.8","n/a","n/a","Finance","Major Banks","http://www.nasdaq.com/symbol/fcty",
"FCCY","1st Constitution Bancorp (NJ)","9","46187397","n/a","n/a","Finance","Savings Institutions","http://www.nasdaq.com/symbol/fccy",
"SRCE","1st Source Corporation","23.07","560053571.97","n/a","n/a","Finance","Major Banks","http://www.nasdaq.com/symbol/srce",
"FUBC","1st United Bancorp, Inc. (FL)","6.2314","212305480.478","n/a","n/a","Finance","Major Banks","http://www.nasdaq.com/symbol/fubc",
"TCHC","21st Century Holding Company","6.17","49035359.28","n/a","1998","Finance","Property-Casualty Insurers","http://www.nasdaq.com/symbol/tchc",
"VNET","21Vianet Group, Inc.","10.46","585062663.18","n/a","n/a","Technology","Computer Software: Programming, Data Processing","http://www.nasdaq.com/symbol/vnet",
"DDD","3D Systems Corporation","40.65","2252124714.3","n/a","n/a","Technology","Computer Software: Prepackaged Software","http://www.nasdaq.com/symbol/ddd",
"MMM","3M Company","92.82","64168272555.66","n/a","n/a","Health Care","Medical/Dental Instruments","http://www.nasdaq.com/symbol/mmm",
"SSRX","3SBio Inc.","11.55","255010428.75","n/a","2007","Consumer Durables","Major Pharmaceuticals","http://www.nasdaq.com/symbol/ssrx",
"JOBS","51job, Inc.","43.86","1263218000.4","n/a","2004","Technology","Diversified Commercial Services","http://www.nasdaq.com/symbol/jobs",
"SVN","7 Days Group Holdings Limited","9.26","462072212.82","n/a","2009","Consumer Services","Hotels/Resorts","http://www.nasdaq.com/symbol/svn",
"EGHT","8x8 Inc","6.0899","432910620.2845","n/a","n/a","Public Utilities","Telecommunications Equipment","http://www.nasdaq.com/symbol/eght",
"AVHI","A V Homes, Inc.","14.76","192215790","n/a","n/a","Capital Goods","Homebuilding","http://www.nasdaq.com/symbol/avhi",
"SHLM","A. Schulman, Inc.","25.06","740264255.5","n/a","1972","Basic Industries","Major Chemicals","http://www.nasdaq.com/symbol/shlm",
"AHC","A.H. Belo Corporation","4.71","103420366.65","n/a","n/a","Consumer Services","Newspapers/Magazines","http://www.nasdaq.com/symbol/ahc",
"AONE","A123 Systems, Inc.","0.2","34111493.4","n/a","2009","Energy","Industrial Machinery/Components","http://www.nasdaq.com/symbol/aone",
"AAON","AAON, Inc.","18.8","461176915.6","n/a","n/a","Capital Goods","Industrial Machinery/Components","http://www.nasdaq.com/symbol/aaon",
"AIR","AAR Corp.","16.99","678584456.73","n/a","n/a","Capital Goods","Aerospace","http://www.nasdaq.com/symbol/air",
"AAN","Aaron&#39;s,  Inc.","31.092","2356880059.008","n/a","n/a","Technology","Diversified Commercial Services","http://www.nasdaq.com/symbol/aan",
"ASTM","Aastrom Biosciences, Inc.","1.7301","73683187.3776","n/a","1997","Health Care","Biotechnology: Biological Products (No Diagnostic Substances)","http://www.nasdaq.com/symbol/astm",
"ABAX","ABAXIS, Inc.","37.29","817620540","n/a","1992","Capital Goods","Industrial Machinery/Components","http://www.nasdaq.com/symbol/abax",
"ABB","ABB Ltd","18.66","42737328207.36","n/a","n/a","Consumer Durables","Electrical Products","http://www.nasdaq.com/symbol/abb",
"ABT","Abbott Laboratories","66.58","104486239676.82","n/a","n/a","Consumer Durables","Major Pharmaceuticals","http://www.nasdaq.com/symbol/abt",
"ANF","Abercrombie & Fitch Company","36.66","3026394593.04","n/a","1996","Consumer Services","Clothing/Shoe/Accessory Stores","http://www.nasdaq.com/symbol/anf",
"FAX","Aberdeen Asia-Pacific Income Fund Inc","7.7482","2022092259.6608","n/a","1986","n/a","n/a","http://www.nasdaq.com/symbol/fax",
"IAF","Aberdeen Australia Equity Fund Inc","10.1","227998622.1","n/a","1985","n/a","n/a","http://www.nasdaq.com/symbol/iaf",
"CH","Aberdeen Chile Fund, Inc.","15.7599","147930238.3104","n/a","n/a","n/a","n/a","http://www.nasdaq.com/symbol/ch",
"ETF","Aberdeen Emerging Markets Telecommunications and Infrastructur","19.9373","164416234.1045","n/a","1992","n/a","n/a","http://www.nasdaq.com/symbol/etf",
"FCO","Aberdeen Global Income Fund, Inc.","14.0399","128542150.0111","n/a","1992","n/a","n/a","http://www.nasdaq.com/symbol/fco",
"IF","Aberdeen Indonesia Fund, Inc.","13.289","109925571.458","n/a","1990","n/a","n/a","http://www.nasdaq.com/symbol/if",
"ISL","Aberdeen Israel Fund, Inc.","12.07","51550849.3","n/a","1992","n/a","n/a","http://www.nasdaq.com/symbol/isl",
"ABMD","ABIOMED, Inc.","21.65","855775289.55","n/a","n/a","Health Care","Medical/Dental Instruments","http://www.nasdaq.com/symbol/abmd",
"ABM","ABM Industries Incorporated","19.25","1040930506","n/a","n/a","Finance","Diversified Commercial Services","http://www.nasdaq.com/symbol/abm",
"AXAS","Abraxas Petroleum Corporation","2.06","190210217.42","n/a","n/a","Energy","Oil & Gas Production","http://www.nasdaq.com/symbol/axas",
"ACTG","Acacia Research Corporation","27.57","1370622782.31","n/a","n/a","Miscellaneous","Multi-Sector Companies","http://www.nasdaq.com/symbol/actg",
"ACHC","Acadia Healthcare Company, Inc.","21.2777","887944826.6257","n/a","n/a","Health Care","Medical Specialities","http://www.nasdaq.com/symbol/achc",
"ACAD","ACADIA Pharmaceuticals Inc.","1.8","95454016.2","n/a","1985","Consumer Durables","Major Pharmaceuticals","http://www.nasdaq.com/symbol/acad",
"AKR","Acadia Realty Trust","25.13","1158393585.72","n/a","n/a","Consumer Services","Real Estate Investment Trusts","http://www.nasdaq.com/symbol/akr",
"AXK","Accelr8 Technology Corporation","2.9","32199764.3","n/a","n/a","Capital Goods","Biotechnology: Laboratory Analytical Instruments","http://www.nasdaq.com/symbol/axk",
"ACCL","Accelrys, Inc.","7.83","434910960.72","n/a","1995","Technology","Computer Software: Prepackaged Software","http://www.nasdaq.com/symbol/accl",
"ACN","Accenture plc.","64.26","43683887467.08","n/a","1986","Miscellaneous","Business Services","http://www.nasdaq.com/symbol/acn",
"ACMP","Access Midstream Partmers, L.P.","29.95","4432558369.5","n/a","n/a","Public Utilities","Natural Gas Distribution","http://www.nasdaq.com/symbol/acmp",
"ANCX","Access National Corporation","14.05","144381551.35","n/a","n/a","Finance","Savings Institutions","http://www.nasdaq.com/symbol/ancx",
"ACCO","Acco Brands Corporation","6.735","761716302.915","n/a","n/a","Consumer Durables","Publishing","http://www.nasdaq.com/symbol/acco",
"AH","Accretive Health, Inc.","13.44","1336052739.84","n/a","2010","Consumer Services","Other Consumer Services","http://www.nasdaq.com/symbol/ah",
"ARAY","Accuray Incorporated","5.925","422449525.65","n/a","2007","Health Care","Medical/Dental Instruments","http://www.nasdaq.com/symbol/aray",
"ACW","Accuride Corporation New","5.32","252089870.48","n/a","2005","Capital Goods","Auto Parts:O.E.M.","http://www.nasdaq.com/symbol/acw",
"ACE","Ace Limited","75.25","25516699111.75","n/a","n/a","Finance","Property-Casualty Insurers","http://www.nasdaq.com/symbol/ace",
"ACRX","AcelRx Pharmaceuticals, Inc.","2.98","67422500","n/a","n/a","Consumer Durables","Major Pharmaceuticals","http://www.nasdaq.com/symbol/acrx",
"ACET","Aceto Corporation","9.005","241500763.595","n/a","n/a","Consumer Durables","Specialty Chemicals","http://www.nasdaq.com/symbol/acet",
"ACHN","Achillion Pharmaceuticals, Inc.","7.23","524796982.44","n/a","2006","Consumer Durables","Major Pharmaceuticals","http://www.nasdaq.com/symbol/achn",
"ACIW","ACI Worldwide, Inc.","45.41","1780786117.66","n/a","n/a","Technology","Computer Software: Prepackaged Software","http://www.nasdaq.com/symbol/aciw",
"APKT","Acme Packet, Inc.","19.69","1354749342.32","n/a","2006","Technology","Computer Communications Equipment","http://www.nasdaq.com/symbol/apkt",
"ACU","Acme United Corporation.","11.05","34290658.35","n/a","1988","Capital Goods","Industrial Machinery/Components","http://www.nasdaq.com/symbol/acu",
"ACNB","ACNB Corporation","15.1","89928578.5","n/a","n/a","Finance","Major Banks","http://www.nasdaq.com/symbol/acnb",
"ACOR","Acorda Therapeutics, Inc.","25.19","1009949546.87","n/a","2006","Health Care","Biotechnology: Biological Products (No Diagnostic Substances)","http://www.nasdaq.com/symbol/acor",
"ACFN","Acorn Energy, Inc.","8.76","157038347.52","n/a","n/a","Consumer Services","Military/Government/Technical","http://www.nasdaq.com/symbol/acfn",
"ATV","Acorn International, Inc.","2.59","77105708.96","n/a","2007","Consumer Services","Other Specialty Stores","http://www.nasdaq.com/symbol/atv",
"AQ            ","Acquity Group Limited","10.12","0","n/a","n/a","Miscellaneous","Business Services","http://www.nasdaq.com/symbol/aq            ",
"ACTS","Actions Semiconductor Co., Ltd.","1.66","142760000","n/a","2005","Technology","Semiconductors","http://www.nasdaq.com/symbol/acts",
"ACPW","Active Power, Inc.","0.8096","77242018.0576","n/a","2000","Public Utilities","Electric Utilities: Central","http://www.nasdaq.com/symbol/acpw",
"ATVI","Activision Blizzard, Inc","12.1","13444144072.7","n/a","n/a","Technology","Computer Software: Prepackaged Software","http://www.nasdaq.com/symbol/atvi",
"ATU","Actuant Corporation","29.81","2171669380.65","n/a","n/a","Technology","Industrial Machinery/Components","http://www.nasdaq.com/symbol/atu",
"BIRT","Actuate Corporation","7.1","349872436.8","n/a","n/a","Technology","Computer Software: Prepackaged Software","http://www.nasdaq.com/symbol/birt",
"AYI","Acuity Brands Inc","69.08","2925509608.12","n/a","n/a","Consumer Durables","Building Products","http://www.nasdaq.com/symbol/ayi",
"ACUR","Acura Pharmaceuticals, Inc.","1.68","77050548.96","n/a","n/a","Consumer Durables","Major Pharmaceuticals","http://www.nasdaq.com/symbol/acur",
"ACXM","Acxiom Corporation","18.25","1369284487.75","n/a","n/a","Technology","EDP Services","http://www.nasdaq.com/symbol/acxm",
"ADES","ADA-ES, Inc.","24.28","243137734.8","n/a","n/a","Basic Industries","Major Chemicals","http://www.nasdaq.com/symbol/ades",
"ADX","Adams Express Company (The)","11.2301","1023133061.7718","n/a","n/a","n/a","n/a","http://www.nasdaq.com/symbol/adx",
"AE","Adams Resources & Energy, Inc.","36.17","152550447.32","n/a","n/a","Energy","Oil Refining/Marketing","http://www.nasdaq.com/symbol/ae",
"ADK","Adcare Health Systems Inc","4.79","65606417.02","n/a","n/a","Health Care","Hospital/Nursing Management","http://www.nasdaq.com/symbol/adk",
"ADUS","Addus HomeCare Corporation","5.05","54632834.15","n/a","2009","Health Care","Medical/Nursing Services","http://www.nasdaq.com/symbol/adus",
"AEY","ADDvantage Technologies Group, Inc.","2.17","22110390.4","n/a","n/a","Consumer Services","Office Equipment/Supplies/Services","http://www.nasdaq.com/symbol/aey",
"AGRO","Adecoagro S.A.","10.17","1233234540","n/a","1994","Consumer Non-Durables","Farming/Seeds/Milling","http://www.nasdaq.com/symbol/agro",
"ADEP","Adept Technology, Inc.","4.17","44388690.9","n/a","n/a","Technology","Industrial Machinery/Components","http://www.nasdaq.com/symbol/adep",
"PVD","Administradora de Fondos de Pensiones-Provida, S.A.","91.38","2018380788.12","n/a","1994","Finance","Property-Casualty Insurers","http://www.nasdaq.com/symbol/pvd",
"ADBE","Adobe Systems Incorporated","32.64","16051130643.84","n/a","1986","Technology","Computer Software: Prepackaged Software","http://www.nasdaq.com/symbol/adbe",
"ADTN","ADTRAN, Inc.","19.9095","1259701500.291","n/a","1994","Public Utilities","Telecommunications Equipment","http://www.nasdaq.com/symbol/adtn",
"AAP","Advance Auto Parts Inc","70.57","5174727744.02","n/a","1993","Consumer Services","Other Specialty Stores","http://www.nasdaq.com/symbol/aap",
"AEIS","Advanced Energy Industries, Inc.","13.47","508873579.77","n/a","1995","Capital Goods","Industrial Machinery/Components","http://www.nasdaq.com/symbol/aeis",
"AMD","Advanced Micro Devices, Inc.","3.51","2483518422.06","n/a","1972","Technology","Semiconductors","http://www.nasdaq.com/symbol/amd",
"API","Advanced Photonix, Inc.","0.6223","19391581.7781","n/a","n/a","Technology","Semiconductors","http://www.nasdaq.com/symbol/api",
"ASX","Advanced Semiconductor Engineering, Inc.","3.8","5029095867.8","n/a","1996","Technology","Semiconductors","http://www.nasdaq.com/symbol/asx",
"AAV","Advantage Oil & Gas Ltd","3.53","594391418.14","n/a","n/a","Energy","Oil & Gas Production","http://www.nasdaq.com/symbol/aav",
"ATE","Advantest Corporation (Kabushiki Kaisha Advantest) ADS","15.27","3047384577.9","n/a","n/a","Technology","Semiconductors","http://www.nasdaq.com/symbol/ate",
"AVK","Advent Claymore Convertible Securities and Income Fund","15.95","376114988.15","n/a","2003","n/a","n/a","http://www.nasdaq.com/symbol/avk",
"AGC","Advent Claymore Convertible Securities and Income Fund II","6.66","214723195.2","n/a","2007","n/a","n/a","http://www.nasdaq.com/symbol/agc",
"ADVS","Advent Software, Inc.","23.96","1213699574.36","n/a","1995","Technology","EDP Services","http://www.nasdaq.com/symbol/advs",
"LCM","Advent/Claymore Enhanced Growth & Income Fund","9.44","128412556","n/a","2005","n/a","n/a","http://www.nasdaq.com/symbol/lcm",
"ANX","ADVENTRX Pharmaceuticals, Inc.","0.7095","33854295.5355","n/a","n/a","Consumer Durables","Major Pharmaceuticals","http://www.nasdaq.com/symbol/anx",
"AVCA","Advocat, Inc.","6.0001","35300058.3245","n/a","n/a","Health Care","Hospital/Nursing Management","http://www.nasdaq.com/symbol/avca",
"ACM","Aecom Technology Corporation","20.6931","2339911599.39","n/a","2007","Consumer Services","Military/Government/Technical","http://www.nasdaq.com/symbol/acm",
"ANW","Aegean Marine Petroleum Network Inc.","7.0401","327965867.4999","n/a","2006","Energy","Oil Refining/Marketing","http://www.nasdaq.com/symbol/anw",
"AEGR","Aegerion Pharmaceuticals, Inc.","15.02","382538657.38","n/a","2010","Consumer Durables","Major Pharmaceuticals","http://www.nasdaq.com/symbol/aegr",
"AEGN","Aegion Corp","19.99","785370238.44","n/a","2000","Basic Industries","Water Supply","http://www.nasdaq.com/symbol/aegn",
"AEB","Aegon NV","22.5","0","n/a","n/a","Finance","Life Insurance","http://www.nasdaq.com/symbol/aeb",
"AED","Aegon NV","24.7","0","n/a","1995","Finance","Life Insurance","http://www.nasdaq.com/symbol/aed",
"AEF","Aegon NV","25.15","0","n/a","1990","Finance","Life Insurance","http://www.nasdaq.com/symbol/aef",
"AEG","Aegon NV","5.52","10541290361.52","n/a","n/a","Finance","Life Insurance","http://www.nasdaq.com/symbol/aeg",
"AEH","Aegon NV","25.2","0","n/a","n/a","Finance","Life Insurance","http://www.nasdaq.com/symbol/aeh",
"AEK","Aegon NV","27.71","0","n/a","n/a","Finance","Life Insurance","http://www.nasdaq.com/symbol/aek",
"AEV","Aegon NV","24.98","0","n/a","n/a","Finance","Life Insurance","http://www.nasdaq.com/symbol/aev",
"AEHR","Aehr Test Systems","1.09","10004039.62","n/a","1997","Capital Goods","Electrical Products","http://www.nasdaq.com/symbol/aehr",
"AEPI","AEP Industries Inc.","51.48","284181491.88","n/a","1986","Capital Goods","Specialty Chemicals","http://www.nasdaq.com/symbol/aepi",
"AER","Aercap Holdings N.V.","12.89","1923605971.14","n/a","2006","Technology","Diversified Commercial Services","http://www.nasdaq.com/symbol/aer",
"ACY","AeroCentury Corp.","12.28","18951195.96","n/a","n/a","Technology","Diversified Commercial Services","http://www.nasdaq.com/symbol/acy",
"ARX","Aeroflex Holding Corp.","6.9","585477889.2","n/a","2010","Technology","Semiconductors","http://www.nasdaq.com/symbol/arx",
"ARO","Aeropostale Inc","14.615","1187714851.985","n/a","2002","Consumer Services","Clothing/Shoe/Accessory Stores","http://www.nasdaq.com/symbol/aro",
"AIM","Aerosonic Corporation","3.8","14588808","n/a","n/a","Capital Goods","Industrial Machinery/Components","http://www.nasdaq.com/symbol/aim",
"AVAV","AeroVironment, Inc.","23.29","518493764.74","n/a","2007","Capital Goods","Aerospace","http://www.nasdaq.com/symbol/avav",
"AEZS","AEterna Zentaris Inc.","0.4999","56172626.2274","n/a","n/a","Consumer Durables","Major Pharmaceuticals","http://www.nasdaq.com/symbol/aezs",
"AET","Aetna Inc.","38.9","13000380000","n/a","n/a","Health Care","Medical Specialities","http://www.nasdaq.com/symbol/aet",
"ATRM","Aetrium Incorporated","1.14","12290854.14","n/a","1993","Capital Goods","Electrical Products","http://www.nasdaq.com/symbol/atrm",
"AFCE","AFC Enterprises, Inc.","24.62","591694454.22","n/a","n/a","Consumer Services","Restaurants","http://www.nasdaq.com/symbol/afce",
"AMG","Affiliated Managers Group, Inc.","121.76","6252148065.28","n/a","1997","Finance","Investment Managers","http://www.nasdaq.com/symbol/amg",
"MGR","Affiliated Managers Group, Inc.","25.65","0","n/a","n/a","Finance","Investment Managers","http://www.nasdaq.com/symbol/mgr",
"AFFY","Affymax, Inc.","19.03","688729154.74","n/a","2006","Consumer Durables","Major Pharmaceuticals","http://www.nasdaq.com/symbol/affy",
"AFFX","Affymetrix, Inc.","3.83","270449574.78","n/a","1996","Capital Goods","Biotechnology: Laboratory Analytical Instruments","http://www.nasdaq.com/symbol/affx",
"AFL","Aflac Incorporated","48.15","22547278936.35","n/a","n/a","Finance","Accident &Health Insurance","http://www.nasdaq.com/symbol/afl",
"MITT","AG Mortgage Investment Trust, Inc.","24","379374192","n/a","n/a","n/a","n/a","http://www.nasdaq.com/symbol/mitt",
"MITT^A","AG Mortgage Investment Trust, Inc.","25.68","0","n/a","n/a","n/a","n/a","http://www.nasdaq.com/symbol/mitt^a",
"AGCO","AGCO Corporation","44.34","4310811242.16","n/a","n/a","Capital Goods","Industrial Machinery/Components","http://www.nasdaq.com/symbol/agco",
"AGEN","Agenus Inc.","4.98","121839106.32","n/a","2000","Health Care","Biotechnology: Biological Products (No Diagnostic Substances)","http://www.nasdaq.com/symbol/agen",
"NCV","AGIC Convertible & Income Fund","9.34","707768537.44","n/a","1993","n/a","n/a","http://www.nasdaq.com/symbol/ncv",
"NCZ","AGIC Convertible & Income Fund II","8.7","548163527.4","n/a","2003","n/a","n/a","http://www.nasdaq.com/symbol/ncz",
"NIE","AGIC Equity & Convertible Income Fund","17.3","385862469.7","n/a","2007","n/a","n/a","http://www.nasdaq.com/symbol/nie",
"NGZ","AGIC Global Equity & Convertible Income Fund","13.48","94628562.04","n/a","2007","n/a","n/a","http://www.nasdaq.com/symbol/ngz",
"NAI","AGIC International & Premium Strategy Fund","11.06","110380326.28","n/a","2005","n/a","n/a","http://www.nasdaq.com/symbol/nai",
"A","Agilent Technologies, Inc.","38.39","13340558207.35","n/a","1999","Capital Goods","Electrical Products","http://www.nasdaq.com/symbol/a",
"AGYS","Agilysys, Inc.","8.73","192983817.33","n/a","n/a","Consumer Non-Durables","Electronic Components","http://www.nasdaq.com/symbol/agys",
"GAS","AGL Resources, Inc.","40.97","4814630479.03","n/a","n/a","Public Utilities","Oil/Gas Transmission","http://www.nasdaq.com/symbol/gas",
"AEM","Agnico-Eagle Mines Limited","49.87","8550031219.95","n/a","n/a","Basic Industries","Precious Metals","http://www.nasdaq.com/symbol/aem",
"ADC","Agree Realty Corporation","24.83","283956972.52","n/a","1994","Consumer Services","Real Estate Investment Trusts","http://www.nasdaq.com/symbol/adc",
"GRO","Agria Corporation","0.82","45414306","n/a","2007","Consumer Non-Durables","Farming/Seeds/Milling","http://www.nasdaq.com/symbol/gro",
"AGU","Agrium Inc.","101.92","16106983256","n/a","n/a","Basic Industries","Agricultural Chemicals","http://www.nasdaq.com/symbol/agu",
"AL","Air Lease Corporation","22.49","2277052609.13","n/a","n/a","Technology","Diversified Commercial Services","http://www.nasdaq.com/symbol/al",
"AIRM","Air Methods Corporation","113.58","1463458309.92","n/a","n/a","Transportation","Transportation Services","http://www.nasdaq.com/symbol/airm",
"APD","Air Products and Chemicals, Inc.","83.27","17628794842.45","n/a","n/a","Basic Industries","Major Chemicals","http://www.nasdaq.com/symbol/apd",
"AIRT","Air T, Inc.","8.13","19888305.18","n/a","n/a","Transportation","Air Freight/Delivery Services","http://www.nasdaq.com/symbol/airt",
"ATSG","Air Transport Services Group, Inc","4.68","300622542.48","n/a","n/a","Transportation","Air Freight/Delivery Services","http://www.nasdaq.com/symbol/atsg",
"AYR","Aircastle Limited","11.78","851098026.24","n/a","2006","Technology","Diversified Commercial Services","http://www.nasdaq.com/symbol/ayr",
"ARG","Airgas, Inc.","85.52","6588645779.76","n/a","1971","Capital Goods","Industrial Machinery/Components","http://www.nasdaq.com/symbol/arg",
"AMCN","AirMedia Group Inc","1.5603","97711912.0194","n/a","1995","Technology","Advertising","http://www.nasdaq.com/symbol/amcn",
"AIXG","Aixtron SE","14.9","1502241080.1","n/a","n/a","Technology","Industrial Machinery/Components","http://www.nasdaq.com/symbol/aixg",
"AKS","AK Steel Holding Corporation","5.85","647092537.65","n/a","n/a","Basic Industries","Steel/Iron Ore","http://www.nasdaq.com/symbol/aks",
"AKAM","Akamai Technologies, Inc.","38.93","6902541577.84","n/a","1999","Miscellaneous","Business Services","http://www.nasdaq.com/symbol/akam",
"AKRX","Akorn, Inc.","14.66","1394105307.6","n/a","n/a","Consumer Durables","Major Pharmaceuticals","http://www.nasdaq.com/symbol/akrx",
"ALP^N","Alabama Power Company","26.22","0","n/a","n/a","Public Utilities","Electric Utilities: Central","http://www.nasdaq.com/symbol/alp^n",
"ALP^O","Alabama Power Company","28.37","0","n/a","n/a","Public Utilities","Electric Utilities: Central","http://www.nasdaq.com/symbol/alp^o",
"ALP^P","Alabama Power Company","26.26","0","n/a","n/a","n/a","n/a","http://www.nasdaq.com/symbol/alp^p",
"ALG","Alamo Group, Inc.","29.71","354775399.09","n/a","1993","Capital Goods","Industrial Machinery/Components","http://www.nasdaq.com/symbol/alg",
"ALK","Alaska Air Group, Inc.","34.51","2432775824.08","n/a","n/a","Transportation","Air Freight/Delivery Services","http://www.nasdaq.com/symbol/alk",
"ALSK","Alaska Communications Systems Group, Inc.","2.12","96804839.2","n/a","1999","Public Utilities","Telecommunications Equipment","http://www.nasdaq.com/symbol/alsk",
"AIN","Albany International Corporation","22.06","690478000","n/a","n/a","Basic Industries","Textiles","http://www.nasdaq.com/symbol/ain",
"AMRI","Albany Molecular Research, Inc.","3.35","103199992.8","n/a","1999","Health Care","Biotechnology: Commercial Physical & Biological Resarch","http://www.nasdaq.com/symbol/amri",
"ALB","Albemarle Corporation","56.407","5048219824.752","n/a","n/a","Basic Industries","Major Chemicals","http://www.nasdaq.com/symbol/alb",
"ALU","Alcatel Lucent","1.16","2696727841.96","n/a","1989","Public Utilities","Telecommunications Equipment","http://www.nasdaq.com/symbol/alu",
"ALCS","ALCO Stores, Inc.","6.85","26087115.3","n/a","n/a","Consumer Services","Department/Specialty Retail Stores","http://www.nasdaq.com/symbol/alcs",
"AA","Alcoa Inc.","8.98","9580693428.72","n/a","n/a","Capital Goods","Metal Fabrications","http://www.nasdaq.com/symbol/aa",
"AA^","Alcoa Inc.","88.3","0","n/a","n/a","Capital Goods","Metal Fabrications","http://www.nasdaq.com/symbol/aa^",
"AXX","Alderon Iron Ore Corp.","1.89","189508593.33","n/a","n/a","Basic Industries","Precious Metals","http://www.nasdaq.com/symbol/axx",
"ALR","Alere Inc.","19.02","1535326068.3","n/a","n/a","Health Care","Biotechnology: In Vitro & In Vivo Diagnostic Substances","http://www.nasdaq.com/symbol/alr",
"ALR^B","Alere Inc.","210.27","0","n/a","n/a","n/a","n/a","http://www.nasdaq.com/symbol/alr^b",
"ALEX","Alexander & Baldwin Holdings, Inc.","30.05","1274231004.7","n/a","n/a","Consumer Services","Marine Transportation","http://www.nasdaq.com/symbol/alex",
"ALX","Alexander&#39;s, Inc.","449.89","2297109547.04","n/a","n/a","Consumer Services","Real Estate Investment Trusts","http://www.nasdaq.com/symbol/alx",
"ARE","Alexandria Real Estate Equities, Inc.","75.39","4732643211.03","n/a","1997","Consumer Services","Real Estate Investment Trusts","http://www.nasdaq.com/symbol/are",
"ARE^E","Alexandria Real Estate Equities, Inc.","26.95","0","n/a","n/a","n/a","n/a","http://www.nasdaq.com/symbol/are^e",
"AXU","Alexco Resource Corp","4.03","243273222.92","n/a","n/a","Basic Industries","Precious Metals","http://www.nasdaq.com/symbol/axu",
"ALXN","Alexion Pharmaceuticals, Inc.","109.439","21128234461.818","n/a","1996","Consumer Durables","Major Pharmaceuticals","http://www.nasdaq.com/symbol/alxn",
"ALXA","Alexza Pharmaceuticals, Inc.","4.908","59075838.936","n/a","2006","Consumer Durables","Major Pharmaceuticals","http://www.nasdaq.com/symbol/alxa",
"ALCO","Alico, Inc.","29.15","214374259.55","n/a","n/a","Consumer Non-Durables","Farming/Seeds/Milling","http://www.nasdaq.com/symbol/alco",
"ALGN","Align Technology, Inc.","38","3091402904","n/a","2001","Health Care","Industrial Specialties","http://www.nasdaq.com/symbol/algn",
"ALIM","Alimera Sciences, Inc.","2.4","75437868","n/a","2010","Consumer Durables","Major Pharmaceuticals","http://www.nasdaq.com/symbol/alim",
"ALKS","Alkermes plc","18.95","2479775055.9","n/a","1991","Consumer Durables","Major Pharmaceuticals","http://www.nasdaq.com/symbol/alks",
"Y","Alleghany Corporation","346.3","5863133615.9","n/a","n/a","Finance","Property-Casualty Insurers","http://www.nasdaq.com/symbol/y",
"ATI","Allegheny Technologies Incorporated","32.4701","3479954848.3934","n/a","n/a","Basic Industries","Steel/Iron Ore","http://www.nasdaq.com/symbol/ati",
"ALGT","Allegiant Travel Company","66.63","1281585340.17","n/a","2006","Transportation","Air Freight/Delivery Services","http://www.nasdaq.com/symbol/algt",
"AGN","Allergan, Inc.","88.78","26719937708.3","n/a","n/a","Consumer Durables","Major Pharmaceuticals","http://www.nasdaq.com/symbol/agn",
"ALE","Allete, Inc.","41.78","1599705604.42","n/a","n/a","Public Utilities","Power Generation","http://www.nasdaq.com/symbol/ale",
"ALLB","Alliance Bancorp, Inc. of Pennsylvania","12.35","67516671.95","n/a","n/a","Finance","Savings Institutions","http://www.nasdaq.com/symbol/allb",
"ABVA","Alliance Bankshares Corporation","4.5","22994860.5","n/a","n/a","Finance","Major Banks","http://www.nasdaq.com/symbol/abva",
"AKP","Alliance California Municipal Income Fund Inc","15.66","133764854.22","n/a","2002","n/a","n/a","http://www.nasdaq.com/symbol/akp",
"AB","Alliance Capital Management Holding L.P.","14.45","1519754791.9","n/a","n/a","Finance","Investment Managers","http://www.nasdaq.com/symbol/ab",
"ADS","Alliance Data Systems Corporation","140.88","7030891538.64","n/a","2001","Miscellaneous","Business Services","http://www.nasdaq.com/symbol/ads",
"AFOP","Alliance Fiber Optic Products, Inc.","9.5499","84086229.6567","n/a","2000","Technology","Semiconductors","http://www.nasdaq.com/symbol/afop",
"ALNC","Alliance Financial Corporation","36.47","174477877.56","n/a","n/a","Finance","Major Banks","http://www.nasdaq.com/symbol/alnc",
"AIQ","Alliance HealthCare Services, Inc.","1.35","71602951.05","n/a","2001","Health Care","Medical Specialities","http://www.nasdaq.com/symbol/aiq",
"AHGP","Alliance Holdings GP, L.P.","48.3","2891382900","n/a","2006","Energy","Coal Mining","http://www.nasdaq.com/symbol/ahgp",
"AFB","Alliance National Municipal Income Fund Inc","15.69","450456746.31","n/a","2002","n/a","n/a","http://www.nasdaq.com/symbol/afb",
"AYN","Alliance New York Municipal Income Fund Inc","15.48","74781759.24","n/a","2002","n/a","n/a","http://www.nasdaq.com/symbol/ayn",
"AOI","Alliance One International, Inc.","2.9","253543633.1","n/a","1997","Consumer Services","Farming/Seeds/Milling","http://www.nasdaq.com/symbol/aoi",
"ARLP","Alliance Resource Partners, L.P.","60.03","2213603188.47","n/a","1999","Energy","Coal Mining","http://www.nasdaq.com/symbol/arlp",
"AWF","Alliance World Dollar Government Fund II","15.56","1333356145.64","n/a","1993","n/a","n/a","http://www.nasdaq.com/symbol/awf",
"ACG","ALLIANCEBERNSTEIN INCOME FUND INC","8.512","2067664364.864","n/a","1987","n/a","n/a","http://www.nasdaq.com/symbol/acg",
"LNT","Alliant Energy Corporation","44.8","4971731161.6","n/a","n/a","Public Utilities","Power Generation","http://www.nasdaq.com/symbol/lnt",
"ATK","Alliant Techsystems Inc.","50.1","1636523113.2","n/a","n/a","Capital Goods","Military/Government/Technical","http://www.nasdaq.com/symbol/atk",
"AHPI","Allied Healthcare Products, Inc.","2.78","22585793.08","n/a","1992","Health Care","Industrial Specialties","http://www.nasdaq.com/symbol/ahpi",
"AMOT","Allied Motion Technologies, Inc.","6.184","53475101.088","n/a","n/a","Capital Goods","Electrical Products","http://www.nasdaq.com/symbol/amot",
"ANV","Allied Nevada Gold Corp.","34.6775","3117352692.3825","n/a","n/a","Basic Industries","Precious Metals","http://www.nasdaq.com/symbol/anv",
"AWH","Allied World Assurance Company Holdings, AG","77.95","2788555160.05","n/a","2006","Finance","Property-Casualty Insurers","http://www.nasdaq.com/symbol/awh",
"ALSN","Allison Transmission Holdings, Inc.","18.75","3400773712.5","n/a","n/a","Capital Goods","Auto Parts:O.E.M.","http://www.nasdaq.com/symbol/alsn",
"ALLT","Allot Communications Ltd.","27.77","892164179.62","n/a","2006","Technology","Computer Communications Equipment","http://www.nasdaq.com/symbol/allt",
"MDRX","Allscripts Healthcare Solutions, Inc.","10.9","1868107781.5","n/a","1999","Technology","EDP Services","http://www.nasdaq.com/symbol/mdrx",
"ALL","Allstate Corporation (The)","38.447","18643971029.403","n/a","1989","Finance","Property-Casualty Insurers","http://www.nasdaq.com/symbol/all",
"AAU","Almaden Minerals, Ltd.","2.72","161084713.12","n/a","n/a","Basic Industries","Precious Metals","http://www.nasdaq.com/symbol/aau",
"AFAM","Almost Family Inc","22.02","205474543.38","n/a","n/a","Health Care","Medical/Nursing Services","http://www.nasdaq.com/symbol/afam",
"ALNY","Alnylam Pharmaceuticals, Inc.","18.58","970711115.26","n/a","2004","Consumer Durables","Major Pharmaceuticals","http://www.nasdaq.com/symbol/alny",
"BSI","Alon Holdings - Blue Square Israel Ltd.","1.8802","124006274.5936","n/a","1996","Consumer Services","Department/Specialty Retail Stores","http://www.nasdaq.com/symbol/bsi",
"ALJ","Alon USA Energy, Inc.","13.79","779767050.86","n/a","2005","Energy","Integrated oil Companies","http://www.nasdaq.com/symbol/alj",
"AOSL","Alpha and Omega Semiconductor Limited","9.75","243563862.75","n/a","2010","Technology","Semiconductors","http://www.nasdaq.com/symbol/aosl",
"ANR","Alpha Natural Resources, inc.","6.66","1467556061.58","n/a","2005","Energy","Coal Mining","http://www.nasdaq.com/symbol/anr",
"APT","Alpha Pro Tech, Ltd.","1.41","29244654.9","n/a","n/a","Health Care","Industrial Specialties","http://www.nasdaq.com/symbol/apt",
"ATEC","Alphatec Holdings, Inc.","1.7","152836111.5","n/a","2006","Health Care","Medical/Dental Instruments","http://www.nasdaq.com/symbol/atec",
"AGD","Alpine Global Dynamic Dividend Fund","5.8605","147270368.139","n/a","2006","n/a","n/a","http://www.nasdaq.com/symbol/agd",
"AWP","Alpine Global Premier Properties Fund","7.1301","628190815.2468","n/a","2007","n/a","n/a","http://www.nasdaq.com/symbol/awp",
"AOD","Alpine Total Dynamic Dividend Fund","4.4625","986348575.0125","n/a","2007","n/a","n/a","http://www.nasdaq.com/symbol/aod",
"ALTI","Altair Nanotechnologies Inc.","0.6902","47936106.5274","n/a","n/a","Basic Industries","Major Chemicals","http://www.nasdaq.com/symbol/alti",
"ALTR","Altera Corporation","37.91","12128158859.8","n/a","1988","Technology","Semiconductors","http://www.nasdaq.com/symbol/altr",
"ALTE","Alterra Capital Holdings Limited","23.69","2275259309.63","n/a","n/a","Finance","Property-Casualty Insurers","http://www.nasdaq.com/symbol/alte",
"ASPS","Altisource Portfolio Solutions S.A.","86","2005442428","n/a","n/a","Consumer Services","Other Consumer Services","http://www.nasdaq.com/symbol/asps",
"APSA","Alto Palermo S.A.","13.93","43875529.95","n/a","n/a","Consumer Services","Building operators","http://www.nasdaq.com/symbol/apsa",
"AIMC","Altra Holdings, Inc.","18.99","511510519.17","n/a","2006","Capital Goods","Industrial Machinery/Components","http://www.nasdaq.com/symbol/aimc",
"MO","Altria Group","34.27","69665203153.98","n/a","n/a","Consumer Non-Durables","Farming/Seeds/Milling","http://www.nasdaq.com/symbol/mo",
"AWC","Alumina Ltd","3.25","1982659399.5","n/a","1997","Capital Goods","Metal Fabrications","http://www.nasdaq.com/symbol/awc",
"ACH","Aluminum Corporation of China Ltd","9.78","5290779656.7","n/a","1993","Basic Industries","Aluminum","http://www.nasdaq.com/symbol/ach",
"ALVR","Alvarion Ltd.","0.3293","20541339.1693","n/a","n/a","Public Utilities","Telecommunications Equipment","http://www.nasdaq.com/symbol/alvr",
"AMAG","AMAG Pharmaceuticals, Inc.","15.32","327697680.16","n/a","n/a","Consumer Durables","Major Pharmaceuticals","http://www.nasdaq.com/symbol/amag",
"AMRN","Amarin Corporation PLC","14.67","2183193331.56","n/a","1995","Consumer Durables","Major Pharmaceuticals","http://www.nasdaq.com/symbol/amrn",
"AMZN","Amazon.com, Inc.","258.82","117003529557.92","n/a","1997","Consumer Services","Catalog/Specialty Distribution","http://www.nasdaq.com/symbol/amzn",
"PLD","AMB Property Corporation","35.73","16460024940","n/a","n/a","Consumer Services","Real Estate Investment Trusts","http://www.nasdaq.com/symbol/pld",
"PLD^L","AMB Property Corporation","25.23","0","n/a","n/a","n/a","n/a","http://www.nasdaq.com/symbol/pld^l",
"PLD^M","AMB Property Corporation","25.4799","0","n/a","n/a","n/a","n/a","http://www.nasdaq.com/symbol/pld^m",
"PLD^O","AMB Property Corporation","25.63","0","n/a","n/a","n/a","n/a","http://www.nasdaq.com/symbol/pld^o",
"PLD^P","AMB Property Corporation","25.94","0","n/a","n/a","n/a","n/a","http://www.nasdaq.com/symbol/pld^p",
"PLD^R","AMB Property Corporation","25.4299","0","n/a","n/a","n/a","n/a","http://www.nasdaq.com/symbol/pld^r",
"PLD^S","AMB Property Corporation","25.42","0","n/a","n/a","n/a","n/a","http://www.nasdaq.com/symbol/pld^s",
"EPAX","Ambassadors Group, Inc.","5.48","96471602.36","n/a","n/a","Consumer Services","Other Consumer Services","http://www.nasdaq.com/symbol/epax",
"AMBT","Ambient Corporation","5.1","84697658.4","n/a","n/a","Public Utilities","Telecommunications Equipment","http://www.nasdaq.com/symbol/ambt",
"AMBO","Ambow Education Holding Ltd.","2.6","185337068.8","n/a","2010","Consumer Services","Other Consumer Services","http://www.nasdaq.com/symbol/ambo",
"AMCX","AMC Networks Inc.","40.87","2930322068.09","n/a","n/a","Consumer Services","Television Services","http://www.nasdaq.com/symbol/amcx",
"ACO","Amcol International Corporation","31.7","1010970028.3","n/a","n/a","Basic Industries","Mining & Quarrying of Nonmetallic Minerals (No Fuels)","http://www.nasdaq.com/symbol/aco",
"DIT","AMCON Distributing Company","69.3","42153180.3","n/a","n/a","Consumer Non-Durables","Food Distributors","http://www.nasdaq.com/symbol/dit",
"DOX","Amdocs Limited","33.18","5475562680","n/a","n/a","Technology","EDP Services","http://www.nasdaq.com/symbol/dox",
"AMED","Amedisys Inc","15.67","480094890.12","n/a","1987","Health Care","Medical/Nursing Services","http://www.nasdaq.com/symbol/amed",
"UHAL","Amerco","101.85","1997053207.8","n/a","n/a","Consumer Services","Rental/Leasing Companies","http://www.nasdaq.com/symbol/uhal",
"AEE","Ameren Corporation","33.14","8040912996.94","n/a","n/a","Public Utilities","Power Generation","http://www.nasdaq.com/symbol/aee",
"AMRC","Ameresco, Inc.","12.28","548571742.48","n/a","2010","Basic Industries","Engineering & Construction","http://www.nasdaq.com/symbol/amrc",
"ASBI","Ameriana Bancorp","6.44","19248850.88","n/a","n/a","Finance","Savings Institutions","http://www.nasdaq.com/symbol/asbi",
"MFA","America First Mortgage Investments, Inc.","8.28","2959883121.96","n/a","n/a","Consumer Services","Real Estate Investment Trusts","http://www.nasdaq.com/symbol/mfa",
"MFA^A","America First Mortgage Investments, Inc.","25.8","0","n/a","n/a","n/a","n/a","http://www.nasdaq.com/symbol/mfa^a",
"MFO","America First Mortgage Investments, Inc.","25.84","0","n/a","1988","Consumer Services","Real Estate Investment Trusts","http://www.nasdaq.com/symbol/mfo",
"ATAX","America First Tax Exempt Investors, L.P.","5.872","176881833.216","n/a","n/a","Finance","Finance: Consumer Services","http://www.nasdaq.com/symbol/atax",
"AMOV","America Movil, S.A.B. de C.V.","25.8524","99518813800","n/a","n/a","Public Utilities","Telecommunications Equipment","http://www.nasdaq.com/symbol/amov",
"AMX","America Movil, S.A.B. de C.V.","25.8901","99663939950","n/a","n/a","Public Utilities","Telecommunications Equipment","http://www.nasdaq.com/symbol/amx",
"APP","American Apparel Inc","1.16","123149035.92","n/a","1994","Finance","Business Services","http://www.nasdaq.com/symbol/app",
"AAT","American Assets Trust, Inc.","28.08","1103352241.68","n/a","1993","Consumer Services","Real Estate Investment Trusts","http://www.nasdaq.com/symbol/aat",
"AXL","American Axle & Manufacturing Holdings, Inc.","12.385","926888037.295","n/a","1999","Capital Goods","Auto Parts:O.E.M.","http://www.nasdaq.com/symbol/axl",
"ACC","American Campus Communities Inc","46.7","4295576585.6","n/a","2004","Consumer Services","Real Estate Investment Trusts","http://www.nasdaq.com/symbol/acc",
"AGNC","American Capital Agency Corp.","34.945","11937161329.75","n/a","1983","Consumer Services","Real Estate Investment Trusts","http://www.nasdaq.com/symbol/agnc",
"AGNCP","American Capital Agency Corp.","26.4838","0","n/a","n/a","Consumer Services","Real Estate Investment Trusts","http://www.nasdaq.com/symbol/agncp",
"MTGE","American Capital Mortgage Investment Corp.","25.24","915255404","n/a","n/a","Consumer Services","Real Estate Investment Trusts","http://www.nasdaq.com/symbol/mtge",
"ACAS","American Capital, Ltd.","11.39","3697819948.84","n/a","1997","n/a","n/a","http://www.nasdaq.com/symbol/acas",
"ANCI","American Caresource Holdings Inc","1.5983","9121728.2552","n/a","n/a","Health Care","Hospital/Nursing Management","http://www.nasdaq.com/symbol/anci",
"ADGE","American DG Energy Inc.","1.99","95835335.4","n/a","n/a","Energy","Electric Utilities: Central","http://www.nasdaq.com/symbol/adge",
"AEO","American Eagle Outfitters, Inc.","22.9","4502062483.5","n/a","n/a","Consumer Services","Clothing/Shoe/Accessory Stores","http://www.nasdaq.com/symbol/aeo",
"AEP","American Electric Power Company, Inc.","43.455","21071440570.98","n/a","n/a","Public Utilities","Electric Utilities: Central","http://www.nasdaq.com/symbol/aep",
"AEP^A","American Electric Power Company, Inc.","27.006","0","n/a","n/a","Public Utilities","Electric Utilities: Central","http://www.nasdaq.com/symbol/aep^a",
"AETI","American Electric Technologies, Inc.","4.64","36724138.4","n/a","n/a","Energy","Industrial Machinery/Components","http://www.nasdaq.com/symbol/aeti",
"AEL","American Equity Investment Life Holding Company","11.891","744568152.119","n/a","2003","Finance","Life Insurance","http://www.nasdaq.com/symbol/ael",
"AXP","American Express Company","57.76","65479552088.8","n/a","n/a","Finance","Finance: Consumer Services","http://www.nasdaq.com/symbol/axp",
"AFE/CL","American Financial Group, Inc.","25.24","0","n/a","n/a","n/a","n/a","http://www.nasdaq.com/symbol/afe/cl",
"AFA","American Financial Group, Inc.","25.14","0","n/a","n/a","Finance","Property-Casualty Insurers","http://www.nasdaq.com/symbol/afa",
"AFG","American Financial Group, Inc.","38.26","3591361864.98","n/a","n/a","Finance","Property-Casualty Insurers","http://www.nasdaq.com/symbol/afg",
"AFQ","American Financial Group, Inc.","27.8201","0","n/a","n/a","Finance","Property-Casualty Insurers","http://www.nasdaq.com/symbol/afq",
"AFW","American Financial Group, Inc.","26.27","0","n/a","n/a","Finance","Property-Casualty Insurers","http://www.nasdaq.com/symbol/afw",
"AM","American Greetings Corporation","15.57","526349128.23","n/a","n/a","Consumer Services","Consumer: Greeting Cards","http://www.nasdaq.com/symbol/am",
"MRF","American Income Fund, Inc.","8.01","75807841.5","n/a","n/a","n/a","n/a","http://www.nasdaq.com/symbol/mrf",
"AMIC","American Independence Corp.","5.0799","42022619.3268","n/a","n/a","Finance","Accident &Health Insurance","http://www.nasdaq.com/symbol/amic",
"AIG/WS","American International Group, Inc.","13.4","0","n/a","n/a","n/a","n/a","http://www.nasdaq.com/symbol/aig/ws",
"AFF","American International Group, Inc.","25.212","0","n/a","1994","Finance","Property-Casualty Insurers","http://www.nasdaq.com/symbol/aff",
"AIG","American International Group, Inc.","33.59","58059631477.09","n/a","n/a","Finance","Property-Casualty Insurers","http://www.nasdaq.com/symbol/aig",
"AVF","American International Group, Inc.","25.7886","0","n/a","n/a","Finance","Property-Casualty Insurers","http://www.nasdaq.com/symbol/avf",
"ALRN","American Learning Corporation","0.9601","4723322.3615","n/a","1984","Health Care","Medical/Nursing Services","http://www.nasdaq.com/symbol/alrn",
"ALN","American Lorain Corporation","1.2399","42786312.9726","n/a","n/a","Consumer Non-Durables","Packaged Foods","http://www.nasdaq.com/symbol/aln",
"AMID","American Midstream Partners, LP","18.9999","173049493.2084","n/a","n/a","Public Utilities","Natural Gas Distribution","http://www.nasdaq.com/symbol/amid",
"XAA","American Municipal Income Portfolio","15.87","91351957.29","n/a","1993","n/a","n/a","http://www.nasdaq.com/symbol/xaa",
"AMNB","American National Bankshares, Inc.","22.33","174979130.48","n/a","n/a","Finance","Major Banks","http://www.nasdaq.com/symbol/amnb",
"ANAT","American National Insurance Company","70.285","1886214929.24","n/a","n/a","Finance","Life Insurance","http://www.nasdaq.com/symbol/anat",
"APFC","American Pacific Corporation","13.16","100313297.56","n/a","n/a","Basic Industries","Major Chemicals","http://www.nasdaq.com/symbol/apfc",
"APEI","American Public Education, Inc.","36.19","653091435.15","n/a","2007","Consumer Services","Other Consumer Services","http://www.nasdaq.com/symbol/apei",
"ARII","American Railcar Industries, Inc.","30.91","659999500.27","n/a","2006","Capital Goods","Railroads","http://www.nasdaq.com/symbol/arii",
"ARCP","American Realty Capital Properties, Inc.","11.84","132177225.28","n/a","n/a","Consumer Services","Real Estate Investment Trusts","http://www.nasdaq.com/symbol/arcp",
"ARCT          ","American Realty Capital Trust, Inc.","12.45","1973012031.9","n/a","n/a","Finance","Real Estate","http://www.nasdaq.com/symbol/arct          ",
"ARL","American Realty Investors, Inc.","2.3982","27640187.8998","n/a","n/a","Finance","Real Estate","http://www.nasdaq.com/symbol/arl",
"ARC","American Reprographics Company","4","185147868","n/a","2004","Consumer Services","Professional Services","http://www.nasdaq.com/symbol/arc",
"AMRB","American River Bankshares","6.8","63433670.8","n/a","n/a","Finance","Major Banks","http://www.nasdaq.com/symbol/amrb",
"ASI","American Safety Insurance Holdings, Ltd.","18.04","184957210.68","n/a","1998","Finance","Specialty Insurers","http://www.nasdaq.com/symbol/asi",
"ASEI","American Science and Engineering, Inc.","60.94","513773805.16","n/a","n/a","Health Care","Medical Electronics","http://www.nasdaq.com/symbol/asei",
"SLA","American Select Portfolio, Inc.","10.93","116537791.35","n/a","1993","n/a","n/a","http://www.nasdaq.com/symbol/sla",
"AMS","American Shared Hospital Services","2.88","13264905.6","n/a","n/a","Health Care","Medical Specialities","http://www.nasdaq.com/symbol/ams",
"AMSWA","American Software, Inc.","8.02","217511053.58","n/a","n/a","Technology","Computer Software: Prepackaged Software","http://www.nasdaq.com/symbol/amswa",
"AQQ","American Spectrum Realty, Inc.","4.59","16362353.97","n/a","n/a","Consumer Services","Real Estate Investment Trusts","http://www.nasdaq.com/symbol/aqq",
"AWR","American States Water Company","44.08","834155285.44","n/a","n/a","Public Utilities","Water Supply","http://www.nasdaq.com/symbol/awr",
"ASP","American Strategic Income Portfolio","12.042","50953687.902","n/a","1991","n/a","n/a","http://www.nasdaq.com/symbol/asp",
"BSP","American Strategic Income Portfolio II","8.798","140642549.318","n/a","1992","n/a","n/a","http://www.nasdaq.com/symbol/bsp",
"CSP","American Strategic Income Portfolio III","7.336","156667784.728","n/a","1993","n/a","n/a","http://www.nasdaq.com/symbol/csp",
"AMSC","American Superconductor Corporation","3.79","199473949.71","n/a","1991","Consumer Durables","Metal Fabrications","http://www.nasdaq.com/symbol/amsc",
"AMT","American Tower Corporation (REIT)","72.05","28471135124.85","n/a","n/a","Consumer Services","Real Estate Investment Trusts","http://www.nasdaq.com/symbol/amt",
"AVD","American Vanguard Corporation","31.17","870353239.62","n/a","n/a","Basic Industries","Agricultural Chemicals","http://www.nasdaq.com/symbol/avd",
"AWK","American Water Works","37.508","6617537302.684","n/a","2008","Public Utilities","Water Supply","http://www.nasdaq.com/symbol/awk",
"AMWD","American Woodmark Corporation","19.89","288475012.8","n/a","1986","Basic Industries","Forest Products","http://www.nasdaq.com/symbol/amwd",
"CRMT","America&#39;s Car-Mart, Inc.","47.51","438126387.72","n/a","n/a","Consumer Durables","Automotive Aftermarket","http://www.nasdaq.com/symbol/crmt",
"APU","AmeriGas Partners, L.P.","42.06","3902864242.68","n/a","1995","Consumer Services","Other Specialty Stores","http://www.nasdaq.com/symbol/apu",
"THRM","Amerigon Incorporated","12.81","378971565.21","n/a","2006","Capital Goods","Auto Parts:O.E.M.","http://www.nasdaq.com/symbol/thrm",
"AGP","AMERIGROUP Corporation","91.04","4427124073.6","n/a","n/a","Health Care","Medical Specialities","http://www.nasdaq.com/symbol/agp",
"AMP","AMERIPRISE FINANCIAL SERVICES, INC.","56.5","11906163979","n/a","n/a","Finance","Investment Managers","http://www.nasdaq.com/symbol/amp",
"AMP^A","AMERIPRISE FINANCIAL SERVICES, INC.","27.91","0","n/a","n/a","n/a","n/a","http://www.nasdaq.com/symbol/amp^a",
"ABCB","Ameris Bancorp","12.36","294404619.84","n/a","1994","Finance","Major Banks","http://www.nasdaq.com/symbol/abcb",
"AMSF","AMERISAFE, Inc.","25.19","458136222.94","n/a","2005","Finance","Property-Casualty Insurers","http://www.nasdaq.com/symbol/amsf",
"ASRV","AmeriServ Financial Inc.","2.9","55925110.9","n/a","n/a","Finance","Major Banks","http://www.nasdaq.com/symbol/asrv",
"ASRVP","AmeriServ Financial Inc.","26.63","0","n/a","n/a","Finance","Major Banks","http://www.nasdaq.com/symbol/asrvp",
"ABC","AmerisourceBergen Corporation (Holding Co)","38.22","9617560559.88","n/a","n/a","Health Care","Other Pharmaceuticals","http://www.nasdaq.com/symbol/abc",
"ASCA","Ameristar Casinos, Inc.","16.98","558899790.36","n/a","1993","Consumer Services","Hotels/Resorts","http://www.nasdaq.com/symbol/asca",
"ATLO","Ames National Corporation","21.1","196460264.3","n/a","n/a","Finance","Major Banks","http://www.nasdaq.com/symbol/atlo",
"AMGN","Amgen Inc.","84","64744585836","n/a","1983","Health Care","Biotechnology: Biological Products (No Diagnostic Substances)","http://www.nasdaq.com/symbol/amgn",
"FOLD","Amicus Therapeutics, Inc.","5.25","259032800.25","n/a","2007","Consumer Durables","Major Pharmaceuticals","http://www.nasdaq.com/symbol/fold",
"AMKR","Amkor Technology, Inc.","4.62","719635718.34","n/a","1998","Technology","Semiconductors","http://www.nasdaq.com/symbol/amkr",
"AHS","AMN Healthcare Services Inc","9.1901","375276070.0919","n/a","2001","Health Care","Hospital/Nursing Management","http://www.nasdaq.com/symbol/ahs",
"AMPL","Ampal-American Israel Corporation","1.78","4995904.64","n/a","n/a","Finance","Finance/Investors Services","http://www.nasdaq.com/symbol/ampl",
"AP","Ampco-Pittsburgh Corporation","18.02","186376463.12","n/a","n/a","Capital Goods","Fluid Controls","http://www.nasdaq.com/symbol/ap",
"APH","Amphenol Corporation","62.01","9982805358.24","n/a","1997","Capital Goods","Electrical Products","http://www.nasdaq.com/symbol/aph",
"AMPE","Ampio Pharmaceuticals, Inc.","2.92","108003949.68","n/a","n/a","Consumer Durables","Major Pharmaceuticals","http://www.nasdaq.com/symbol/ampe",
"AMRE","AmREIT, Inc.","14.876","232423531.436","n/a","1987","Consumer Services","Real Estate Investment Trusts","http://www.nasdaq.com/symbol/amre",
"AXR","AMREP Corporation","6.17","36996628.04","n/a","n/a","Finance","Real Estate","http://www.nasdaq.com/symbol/axr",
"AMSG","Amsurg Corp.","29.79","940698461.61","n/a","n/a","Health Care","Medical/Nursing Services","http://www.nasdaq.com/symbol/amsg",
"ASYS","Amtech Systems, Inc.","3.91","37062917.37","n/a","n/a","Technology","Industrial Machinery/Components","http://www.nasdaq.com/symbol/asys",
"AME","AMTEK, Inc.","35.29","8559094169.56","n/a","n/a","Consumer Durables","Metal Fabrications","http://www.nasdaq.com/symbol/ame",
"AFSI","AmTrust Financial Services, Inc.","27","1803916926","n/a","n/a","Finance","Property-Casualty Insurers","http://www.nasdaq.com/symbol/afsi",
"AMRS","Amyris, Inc.","3.27","192077092.44","n/a","1992","Basic Industries","Major Chemicals","http://www.nasdaq.com/symbol/amrs",
"ANAC","Anacor Pharmaceuticals, Inc.","6.62","208649762.42","n/a","2010","Consumer Durables","Major Pharmaceuticals","http://www.nasdaq.com/symbol/anac",
"APC","Anadarko Petroleum Corporation","72.29","36121793753.36","n/a","n/a","Energy","Oil & Gas Production","http://www.nasdaq.com/symbol/apc",
"ANAD","ANADIGICS, Inc.","1.28","90849132.8","n/a","1995","Technology","Semiconductors","http://www.nasdaq.com/symbol/anad",
"ADI","Analog Devices, Inc.","40.21","12018993894.53","n/a","n/a","Technology","Semiconductors","http://www.nasdaq.com/symbol/adi",
"ALOG","Analogic Corporation","70.25","859952238.25","n/a","1972","Capital Goods","Electrical Products","http://www.nasdaq.com/symbol/alog",
"ANLY","Analysts International Corporation","3.91","19869083.37","n/a","n/a","Technology","EDP Services","http://www.nasdaq.com/symbol/anly",
"ANEN","Anaren, Inc.","19.29","268087327.44","n/a","1972","Technology","Radio And Television Broadcasting And Communications Equipment","http://www.nasdaq.com/symbol/anen",
"ACOM          ","Ancestry.com Inc.","30.96","1331330031.36","n/a","1993","Technology","EDP Services","http://www.nasdaq.com/symbol/acom          ",
"ANCB","Anchor Bancorp","12","30600000","n/a","2011","Finance","Banks","http://www.nasdaq.com/symbol/ancb",
"AMCF","Andatee China Marine Fuel Services Corporation","1.186","11289494.862","n/a","2010","Energy","Oil Refining/Marketing","http://www.nasdaq.com/symbol/amcf",
"ANDA","Andina Acquisition Corporation","9.68","101640000","n/a","n/a","Finance","Business Services","http://www.nasdaq.com/symbol/anda",
"ANDAU","Andina Acquisition Corporation","10","16500010","n/a","n/a","Finance","Business Services","http://www.nasdaq.com/symbol/andau",
"ANDAW","Andina Acquisition Corporation","0.25","0","n/a","n/a","Finance","Business Services","http://www.nasdaq.com/symbol/andaw",
"ANGI","Angie&#39;s List, Inc.","9.73","562054578.68","n/a","n/a","Consumer Services","Advertising","http://www.nasdaq.com/symbol/angi",
"ANGO","AngioDynamics, Inc.","12.12","422129019.24","n/a","2004","Health Care","Medical/Dental Instruments","http://www.nasdaq.com/symbol/ango",
"AU","AngloGold Ashanti Limited","34.04","13116501703.48","n/a","1987","Basic Industries","Precious Metals","http://www.nasdaq.com/symbol/au",
"AU^A","AngloGold Ashanti Limited","40.75","0","n/a","n/a","n/a","n/a","http://www.nasdaq.com/symbol/au^a",
"BUD","Anheuser-Busch Inbev SA","86.84","139465040000","n/a","n/a","Consumer Non-Durables","Beverages (Production/Distribution)","http://www.nasdaq.com/symbol/bud",
"ANIK","Anika Therapeutics Inc.","14.33","197791114.7","n/a","n/a","Health Care","Medical/Dental Instruments","http://www.nasdaq.com/symbol/anik",
"AXE","Anixter International Inc.","62.3799","2072483473.2822","n/a","n/a","Consumer Non-Durables","Telecommunications Equipment","http://www.nasdaq.com/symbol/axe",
"ANN","ANN INC.","38.55","1824352921.5","n/a","1991","Consumer Services","Clothing/Shoe/Accessory Stores","http://www.nasdaq.com/symbol/ann",
"NLY","Annaly Capital Management Inc","17.54","17096609321.8","n/a","1997","Consumer Services","Real Estate Investment Trusts","http://www.nasdaq.com/symbol/nly",
"NLY^A","Annaly Capital Management Inc","25.9899","0","n/a","n/a","n/a","n/a","http://www.nasdaq.com/symbol/nly^a",
"NLY^C","Annaly Capital Management Inc","25.47","0","n/a","n/a","n/a","n/a","http://www.nasdaq.com/symbol/nly^c",
"ANNB","Annapolis Bancorp Inc.","7.14","28383841.92","n/a","n/a","Finance","Major Banks","http://www.nasdaq.com/symbol/annb",
"BNNY","Annie&#39;s, Inc.","45.25","771970022.75","n/a","n/a","Consumer Non-Durables","Packaged Foods","http://www.nasdaq.com/symbol/bnny",
"ANSS","ANSYS, Inc.","71.93","6641588000.71","n/a","1996","Technology","Computer Software: Prepackaged Software","http://www.nasdaq.com/symbol/anss",
"ATRS","Antares Pharma, Inc.","3.8601","422003718.6156","n/a","2002","Health Care","Medical/Dental Instruments","http://www.nasdaq.com/symbol/atrs",
"ANTH","Anthera Pharmaceuticals, Inc.","0.9125","72189581.375","n/a","2010","Consumer Durables","Major Pharmaceuticals","http://www.nasdaq.com/symbol/anth",
"ANH","Anworth Mortgage Asset  Corporation","6.92","963186897.36","n/a","1998","Consumer Services","Real Estate Investment Trusts","http://www.nasdaq.com/symbol/anh",
"ANH^A","Anworth Mortgage Asset  Corporation","26.4899","0","n/a","n/a","n/a","n/a","http://www.nasdaq.com/symbol/anh^a",
"ANH^B","Anworth Mortgage Asset  Corporation","26","0","n/a","n/a","n/a","n/a","http://www.nasdaq.com/symbol/anh^b",
"AOL","AOL Inc.","33.44","3142459761.76","n/a","n/a","Technology","EDP Services","http://www.nasdaq.com/symbol/aol",
"AON","Aon plc","51.96","16752243922.32","n/a","n/a","Finance","Specialty Insurers","http://www.nasdaq.com/symbol/aon",
"AXN","Aoxing Pharmaceutical Company, Inc.","0.256","12664278.272","n/a","n/a","Consumer Durables","Major Pharmaceuticals","http://www.nasdaq.com/symbol/axn",
"APA","Apache Corporation","89.04","34833816277.68","n/a","n/a","Energy","Oil & Gas Production","http://www.nasdaq.com/symbol/apa",
"APA^D","Apache Corporation","50.43","0","n/a","n/a","n/a","n/a","http://www.nasdaq.com/symbol/apa^d",
"AIV","Apartment Investment and Management Company","27.12","3947158704","n/a","1994","Consumer Services","Real Estate Investment Trusts","http://www.nasdaq.com/symbol/aiv",
"AIV^Z","Apartment Investment and Management Company","27.3901","0","n/a","n/a","n/a","n/a","http://www.nasdaq.com/symbol/aiv^z",
"APAGF","Apco Oil and Gas International Inc.","16.57","487841346.8","n/a","n/a","Energy","Oil & Gas Production","http://www.nasdaq.com/symbol/apagf",
"ATNY","API Technologies Corp.","3.01","164841497.17","n/a","n/a","Technology","Semiconductors","http://www.nasdaq.com/symbol/atny",
"APOG","Apogee Enterprises, Inc.","16.61","470752414.66","n/a","1971","Capital Goods","Auto Parts:O.E.M.","http://www.nasdaq.com/symbol/apog",
"ARI","Apollo Commercial Real Estate Finance","17.8","366156964.8","n/a","1996","Consumer Services","Real Estate Investment Trusts","http://www.nasdaq.com/symbol/ari",
"ARI^A","Apollo Commercial Real Estate Finance","25.6","0","n/a","n/a","n/a","n/a","http://www.nasdaq.com/symbol/ari^a",
"APO","Apollo Global Management, LLC","13.88","1802655103.56","n/a","n/a","Finance","Investment Managers","http://www.nasdaq.com/symbol/apo",
"BRD","Apollo Gold Corporation","0.948","206032805.484","n/a","n/a","Basic Industries","Precious Metals","http://www.nasdaq.com/symbol/brd",
"APOL","Apollo Group, Inc.","30.04","3405785000","n/a","1994","Consumer Services","Other Consumer Services","http://www.nasdaq.com/symbol/apol",
"AINV","Apollo Investment Corporation","8.22","1667766905.22","n/a","2004","n/a","n/a","http://www.nasdaq.com/symbol/ainv",
"AMTG","Apollo Residential Mortgage, Inc.","20.85","504244948.5","n/a","n/a","Consumer Services","Real Estate Investment Trusts","http://www.nasdaq.com/symbol/amtg",
"AFT","Apollo Senior Floating Rate Fund Inc.","19.05","294818866.8","n/a","n/a","n/a","n/a","http://www.nasdaq.com/symbol/aft",
"AAPL","Apple Inc.","680.03","637464202180","n/a","1980","Technology","Computer Manufacturing","http://www.nasdaq.com/symbol/aapl",
"ARCI","Appliance Recycling Centers of America, Inc.","3.54","19667981.58","n/a","n/a","Consumer Services","Home Furnishings","http://www.nasdaq.com/symbol/arci",
"AIT","Applied Industrial Technologies, Inc.","43.45","1823561479.3","n/a","n/a","Consumer Durables","Industrial Specialties","http://www.nasdaq.com/symbol/ait",
"AMAT","Applied Materials, Inc.","11.755","14546755500.005","n/a","1972","Technology","Semiconductors","http://www.nasdaq.com/symbol/amat",
"AMCC","Applied Micro Circuits Corporation","5.54","357831757.8","n/a","1997","Technology","Semiconductors","http://www.nasdaq.com/symbol/amcc",
"AREX","Approach Resources Inc.","31.66","1061636353.88","n/a","2007","Energy","Oil & Gas Production","http://www.nasdaq.com/symbol/arex",
"APRI","Apricus Biosciences, Inc","2.92","86420690.84","n/a","n/a","Consumer Durables","Major Pharmaceuticals","http://www.nasdaq.com/symbol/apri",
"ATR","AptarGroup, Inc.","51.08","3401602058.52","n/a","n/a","Consumer Non-Durables","Plastic Products","http://www.nasdaq.com/symbol/atr",
"WTR","Aqua America, Inc.","25.23","3525486624.99","n/a","n/a","Public Utilities","Water Supply","http://www.nasdaq.com/symbol/wtr",
"ARSD","Arabian American Development Company","9.9736","240223979.996","n/a","n/a","Energy","Integrated oil Companies","http://www.nasdaq.com/symbol/arsd",
"ARB","Arbitron Inc.","38.31","1000992527.43","n/a","n/a","Consumer Services","Diversified Commercial Services","http://www.nasdaq.com/symbol/arb",
"ABR","Arbor Realty Trust","5.67","157338105.75","n/a","2004","Consumer Services","Real Estate Investment Trusts","http://www.nasdaq.com/symbol/abr",
"ARCW","ARC Group Worldwide, Inc.","7.37","11683727.33","n/a","n/a","Consumer Services","Telecommunications Equipment","http://www.nasdaq.com/symbol/arcw",
"ABIO","ARCA biopharma, Inc.","0.35","5116859.3","n/a","n/a","Health Care","Biotechnology: In Vitro & In Vivo Diagnostic Substances","http://www.nasdaq.com/symbol/abio",
"MT","ArcelorMittal","16.01","24799490000","n/a","n/a","Basic Industries","Steel/Iron Ore","http://www.nasdaq.com/symbol/mt",
"ACGL","Arch Capital Group Ltd.","40.481","5518158973.509","n/a","n/a","Finance","Property-Casualty Insurers","http://www.nasdaq.com/symbol/acgl",
"ARH^C","Arch Capital Group Ltd.","27.1","0","n/a","n/a","n/a","n/a","http://www.nasdaq.com/symbol/arh^c",
"ACI","Arch Coal, Inc.","6.625","1406281860","n/a","1988","Energy","Coal Mining","http://www.nasdaq.com/symbol/aci",
"ADM","Archer-Daniels-Midland Company","27.22","17927486934.98","n/a","n/a","Consumer Non-Durables","Packaged Foods","http://www.nasdaq.com/symbol/adm",
"ARCO","Arcos Dorados Holdings Inc.","13.73","2876838826.76","n/a","n/a","Consumer Services","Restaurants","http://www.nasdaq.com/symbol/arco",
"ACAT","Arctic Cat Inc.","44.04","579015855.96","n/a","1990","Capital Goods","Industrial Specialties","http://www.nasdaq.com/symbol/acat",
"ARDNA","Arden Group, Inc.","91","279461000","n/a","n/a","Consumer Services","Food Chains","http://www.nasdaq.com/symbol/ardna",
"ARNA","Arena Pharmaceuticals, Inc.","8.635","1872223032.79","n/a","2000","Consumer Durables","Major Pharmaceuticals","http://www.nasdaq.com/symbol/arna",
"AFC","Ares Capital Corporation","25.06","200480000","n/a","1984","n/a","n/a","http://www.nasdaq.com/symbol/afc",
"ARCC","Ares Capital Corporation","17.41","4318128220.45","n/a","1999","n/a","n/a","http://www.nasdaq.com/symbol/arcc",
"ARN","Ares Capital Corporation","26.68","0","n/a","1993","n/a","n/a","http://www.nasdaq.com/symbol/arn",
"ARY","Ares Capital Corporation","26.91","0","n/a","n/a","n/a","n/a","http://www.nasdaq.com/symbol/ary",
"ACRE","Ares Commercial Real Estate Corporation","16.95","157078395.9","n/a","n/a","Consumer Services","Real Estate Investment Trusts","http://www.nasdaq.com/symbol/acre",
"AGX","Argan, Inc.","16.88","230865481.2","n/a","n/a","Basic Industries","Engineering & Construction","http://www.nasdaq.com/symbol/agx",
"AGII","Argo Group International Holdings, Ltd.","31.24","789280880.52","n/a","n/a","Finance","Specialty Insurers","http://www.nasdaq.com/symbol/agii",
"ARIA","ARIAD Pharmaceuticals, Inc.","21.96","3649853543.04","n/a","1994","Health Care","Biotechnology: Biological Products (No Diagnostic Substances)","http://www.nasdaq.com/symbol/aria",
"ARBA","Ariba, Inc.","44.705","4565542830","n/a","1999","Technology","Computer Software: Prepackaged Software","http://www.nasdaq.com/symbol/arba",
"ARKR","Ark Restaurants Corp.","16.145","52388022.525","n/a","n/a","Consumer Services","Restaurants","http://www.nasdaq.com/symbol/arkr",
"ABFS","Arkansas Best Corporation","8.24","211042426.8","n/a","1992","Transportation","Trucking Freight/Courier Services","http://www.nasdaq.com/symbol/abfs",
"AI","Arlington Asset Investment Corp","22.885","221556893.775","n/a","1972","Finance","Finance/Investors Services","http://www.nasdaq.com/symbol/ai",
"ARMH","ARM Holdings, plc","26.18","12017474515.2","n/a","n/a","Technology","Semiconductors","http://www.nasdaq.com/symbol/armh",
"ARR/WS","Armour Residential R","0.0314","0","n/a","n/a","n/a","n/a","http://www.nasdaq.com/symbol/arr/ws",
"ARR","Armour Residential R","7.56","1770751145.52","n/a","n/a","Consumer Services","Real Estate Investment Trusts","http://www.nasdaq.com/symbol/arr",
"ARR^A","Armour Residential R","25.4899","0","n/a","n/a","n/a","n/a","http://www.nasdaq.com/symbol/arr^a",
"AWI","Armstrong World Industries Inc","44.6","2623058462","n/a","n/a","Consumer Non-Durables","Plastic Products","http://www.nasdaq.com/symbol/awi",
"ARTX","Arotech Corporation","0.78","12432997.98","n/a","1994","Energy","Industrial Machinery/Components","http://www.nasdaq.com/symbol/artx",
"ARQL","ArQule, Inc.","5.52","343781371.68","n/a","1996","Consumer Durables","Major Pharmaceuticals","http://www.nasdaq.com/symbol/arql",
"ARRY","Array BioPharma Inc.","5.59","514951045.96","n/a","2000","Consumer Durables","Major Pharmaceuticals","http://www.nasdaq.com/symbol/arry",
"HRT","Arrhythmia Research Technology Inc.","2.29","6390277.06","n/a","n/a","Health Care","Biotechnology: Electromedical & Electrotherapeutic Apparatus","http://www.nasdaq.com/symbol/hrt",
"ARRS","Arris Group Inc","13.94","1578655206.32","n/a","1993","Technology","Radio And Television Broadcasting And Communications Equipment","http://www.nasdaq.com/symbol/arrs",
"ARW","Arrow Electronics, Inc.","37.49","4078999989.03","n/a","n/a","Consumer Non-Durables","Electronic Components","http://www.nasdaq.com/symbol/arw",
"AROW","Arrow Financial Corporation","24.71","290766152.95","n/a","n/a","Finance","Major Banks","http://www.nasdaq.com/symbol/arow",
"ARWR","Arrowhead Research Corporation","2.64","29860554.24","n/a","n/a","Health Care","Biotechnology: Commercial Physical & Biological Resarch","http://www.nasdaq.com/symbol/arwr",
"ARTNA","Artesian Resources Corporation","21.8301","189089750.2482","n/a","n/a","Public Utilities","Water Supply","http://www.nasdaq.com/symbol/artna",
"ARTC","ArthroCare Corporation","29.64","822017383.2","n/a","1996","Health Care","Biotechnology: Electromedical & Electrotherapeutic Apparatus","http://www.nasdaq.com/symbol/artc",
"AJG","Arthur J. Gallagher & Co.","36.45","4417292065.95","n/a","n/a","Finance","Specialty Insurers","http://www.nasdaq.com/symbol/ajg",
"ART","ARTIO GLOBAL INVESTORS INC.","3.14","187023295.26","n/a","2009","Finance","Investment Managers","http://www.nasdaq.com/symbol/art",
"ARTW","Art&#39;s-Way Manufacturing Co., Inc.","6.34","25587301.68","n/a","n/a","Capital Goods","Industrial Machinery/Components","http://www.nasdaq.com/symbol/artw",
"ARUN","Aruba Networks, Inc.","20.22","2268655469.58","n/a","2007","Technology","Computer peripheral equipment","http://www.nasdaq.com/symbol/arun",
"ASA","ASA Gold and Precious Metals Limited","23.65","456206253.25","n/a","n/a","n/a","n/a","http://www.nasdaq.com/symbol/asa",
"ASBB","ASB Bancorp, Inc.","14.55","81255217.05","n/a","n/a","Finance","Savings Institutions","http://www.nasdaq.com/symbol/asbb",
"ABG","Asbury Automotive Group Inc","29.85","936496497.45","n/a","1996","Consumer Durables","Automotive Aftermarket","http://www.nasdaq.com/symbol/abg",
"ASNA","Ascena Retail Group, Inc.","20.74","3193283316.02","n/a","n/a","Consumer Services","Clothing/Shoe/Accessory Stores","http://www.nasdaq.com/symbol/asna",
"ASCMA","Ascent Capital Group, Inc.","51.12","725886312.48","n/a","n/a","Consumer Services","Other Consumer Services","http://www.nasdaq.com/symbol/ascma",
"ASTI","Ascent Solar Technologies, Inc.","1.75","72308124","n/a","n/a","Technology","Semiconductors","http://www.nasdaq.com/symbol/asti",
"AHT","Ashford Hospitality Trust Inc","8.6","586209617.4","n/a","1987","Consumer Services","Real Estate Investment Trusts","http://www.nasdaq.com/symbol/aht",
"AHT^A","Ashford Hospitality Trust Inc","25.48","0","n/a","n/a","n/a","n/a","http://www.nasdaq.com/symbol/aht^a",
"AHT^D","Ashford Hospitality Trust Inc","25.55","0","n/a","n/a","n/a","n/a","http://www.nasdaq.com/symbol/aht^d",
"AHT^E","Ashford Hospitality Trust Inc","26.99","0","n/a","n/a","n/a","n/a","http://www.nasdaq.com/symbol/aht^e",
"ASH","Ashland Inc.","75.18","5904798987.36","n/a","n/a","Consumer Durables","Specialty Chemicals","http://www.nasdaq.com/symbol/ash",
"AERL","Asia Entertainment & Resources Ltd","3.44","146032004.16","n/a","n/a","Consumer Services","Services-Misc. Amusement & Recreation","http://www.nasdaq.com/symbol/aerl",
"APB","Asia Pacific Fund, Inc. (The)","9.7838","101204341.4174","n/a","1987","n/a","n/a","http://www.nasdaq.com/symbol/apb",
"APWC","Asia Pacific Wire & Cable Corporation Limited","2.97","41077383.93","n/a","n/a","Basic Industries","Telecommunications Equipment","http://www.nasdaq.com/symbol/apwc",
"GRR","Asia Tigers Fund, Inc. (The)","13.32","47607078.6","n/a","n/a","n/a","n/a","http://www.nasdaq.com/symbol/grr",
"ASIA","AsiaInfo-Linkage, Inc.","12.02","871679509.88","n/a","n/a","Technology","Computer Software: Prepackaged Software","http://www.nasdaq.com/symbol/asia",
"ASMI","ASM International N.V.","36.07","1982660411.4","n/a","n/a","Technology","Industrial Machinery/Components","http://www.nasdaq.com/symbol/asmi",
"ASML","ASML Holding N.V.","56.9","23226018795.3","n/a","1995","Technology","Industrial Machinery/Components","http://www.nasdaq.com/symbol/asml",
"AHL","Aspen Insurance Holdings Limited","29.62","2113602574.36","n/a","2003","Finance","Property-Casualty Insurers","http://www.nasdaq.com/symbol/ahl",
"AHL^","Aspen Insurance Holdings Limited","56.8","0","n/a","n/a","n/a","n/a","http://www.nasdaq.com/symbol/ahl^",
"AHL^A","Aspen Insurance Holdings Limited","26.7","0","n/a","n/a","n/a","n/a","http://www.nasdaq.com/symbol/ahl^a",
"AHL^B","Aspen Insurance Holdings Limited","26.43","0","n/a","n/a","n/a","n/a","http://www.nasdaq.com/symbol/ahl^b",
"AZPN","Aspen Technology, Inc.","24.8","2312279881.6","n/a","1994","Technology","EDP Services","http://www.nasdaq.com/symbol/azpn",
"APPY","AspenBio Pharma, Inc.","1.43","11034566.4","n/a","n/a","Health Care","Biotechnology: In Vitro & In Vivo Diagnostic Substances","http://www.nasdaq.com/symbol/appy",
"AACC","Asset Acceptance Capital Corp.","6.7","205894417","n/a","2004","Finance","Finance Companies","http://www.nasdaq.com/symbol/aacc",
"ALC","Assisted Living Concepts, Inc. New","7.59","174348956.43","n/a","n/a","Health Care","Hospital/Nursing Management","http://www.nasdaq.com/symbol/alc",
"ABW^A","Associated Banc-Corp","25.508","0","n/a","n/a","n/a","n/a","http://www.nasdaq.com/symbol/abw^a",
"ABW^B","Associated Banc-Corp","27.88","0","n/a","n/a","n/a","n/a","http://www.nasdaq.com/symbol/abw^b",
"ASBC","Associated Banc-Corp","13.185","2263083882.075","n/a","n/a","Finance","Major Banks","http://www.nasdaq.com/symbol/asbc",
"ASBCW","Associated Banc-Corp","1.44","0","n/a","n/a","Finance","Major Banks","http://www.nasdaq.com/symbol/asbcw",
"AEC","Associated Estates Realty Corporation","15.325","758453130.4","n/a","1993","Consumer Services","Real Estate Investment Trusts","http://www.nasdaq.com/symbol/aec",
"AIZ","Assurant, Inc.","36.53","2962022081.85","n/a","2004","Finance","Accident &Health Insurance","http://www.nasdaq.com/symbol/aiz",
"AGO","Assured Guaranty Ltd.","14.94","2899372125.24","n/a","1987","Finance","Property-Casualty Insurers","http://www.nasdaq.com/symbol/ago",
"AGO^B","Assured Guaranty Ltd.","25.34","0","n/a","n/a","n/a","n/a","http://www.nasdaq.com/symbol/ago^b",
"AGO^E","Assured Guaranty Ltd.","25","0","n/a","n/a","n/a","n/a","http://www.nasdaq.com/symbol/ago^e",
"AGO^F","Assured Guaranty Ltd.","24.56","0","n/a","n/a","n/a","n/a","http://www.nasdaq.com/symbol/ago^f",
"ASFI","Asta Funding, Inc.","9.4","122019905.4","n/a","1995","Finance","Finance Companies","http://www.nasdaq.com/symbol/asfi",
"ATEA","Astea International, Inc.","4.64","16575467.36","n/a","1995","Technology","Computer Software: Prepackaged Software","http://www.nasdaq.com/symbol/atea",
"ASTE","Astec Industries, Inc.","31.38","714925174.02","n/a","1986","Capital Goods","Construction/Ag Equipment/Trucks","http://www.nasdaq.com/symbol/aste",
"ASTX","Astex Pharmaceuticals, Inc.","3.2","298516704","n/a","1993","Consumer Durables","Major Pharmaceuticals","http://www.nasdaq.com/symbol/astx",
"AF","Astoria Financial Corporation","10.47","1030435821.33","n/a","1991","Finance","Savings Institutions","http://www.nasdaq.com/symbol/af",
"AZN","Astrazeneca PLC","46.9","61931138818.5","n/a","n/a","Consumer Durables","Major Pharmaceuticals","http://www.nasdaq.com/symbol/azn",
"ALOT","Astro-Med, Inc.","8.109","60343042.41","n/a","1983","Technology","Computer peripheral equipment","http://www.nasdaq.com/symbol/alot",
"ATRO","Astronics Corporation","28.124","348633203.712","n/a","1972","Capital Goods","Military/Government/Technical","http://www.nasdaq.com/symbol/atro",
"ASTC","Astrotech Corporation","1.19","23202096.4","n/a","n/a","Capital Goods","Military/Government/Technical","http://www.nasdaq.com/symbol/astc",
"ASUR","Asure Software Inc","7.49","39228860.02","n/a","n/a","Technology","EDP Services","http://www.nasdaq.com/symbol/asur",
"T","AT&T Inc.","37.3","215183700000","n/a","n/a","Public Utilities","Telecommunications Equipment","http://www.nasdaq.com/symbol/t",
"ATAI","ATA Inc.","4.38","100740000","n/a","2008","Consumer Services","Other Consumer Services","http://www.nasdaq.com/symbol/atai",
"ATC","ATC Venture Group Inc.","0.2","1421465.6","n/a","1986","Capital Goods","Auto Parts:O.E.M.","http://www.nasdaq.com/symbol/atc",
"ATHN","athenahealth, Inc.","92.32","3323410970.08","n/a","1991","Miscellaneous","Business Services","http://www.nasdaq.com/symbol/athn",
"AFCB","Athens Bancshares Corporation","16","39986560","n/a","2010","Finance","Savings Institutions","http://www.nasdaq.com/symbol/afcb",
"ATHX","Athersys, Inc.","1.49","44298211.07","n/a","n/a","Consumer Durables","Major Pharmaceuticals","http://www.nasdaq.com/symbol/athx",
"AAME","Atlantic American Corporation","2.68","56954127.2","n/a","n/a","Finance","Life Insurance","http://www.nasdaq.com/symbol/aame",
"ACFC","Atlantic Coast Federal Corporation","1.97","5179250.17","n/a","n/a","Finance","Savings Institutions","http://www.nasdaq.com/symbol/acfc",
"AT","Atlantic Power Corporation","14.46","1724338631.28","n/a","n/a","Energy","Electric Utilities: Central","http://www.nasdaq.com/symbol/at",
"ATNI","Atlantic Tele-Network, Inc.","40.23","625753431.54","n/a","1991","Public Utilities","Telecommunications Equipment","http://www.nasdaq.com/symbol/atni",
"AAWW","Atlas Air Worldwide Holdings","53.55","1415839723.2","n/a","n/a","Transportation","Transportation Services","http://www.nasdaq.com/symbol/aaww",
"ATLS","Atlas Energy, L.P.","34.8501","1788691384.4787","n/a","1995","Public Utilities","Natural Gas Distribution","http://www.nasdaq.com/symbol/atls",
"APL","Atlas Pipeline Partners, L.P.","35.93","1930282193.16","n/a","2000","Public Utilities","Natural Gas Distribution","http://www.nasdaq.com/symbol/apl",
"ARP","Atlas Resource Partners, L.P.","26.081","940735880.018","n/a","2005","Energy","Oil & Gas Production","http://www.nasdaq.com/symbol/arp",
"ATL","Atlatsa Resources Corporation","0.1632","32948198.7936","n/a","1986","Basic Industries","Precious Metals","http://www.nasdaq.com/symbol/atl",
"ATML","Atmel Corporation","6.32","2781619027.76","n/a","1991","Technology","Semiconductors","http://www.nasdaq.com/symbol/atml",
"ATMI","ATMI Inc.","19.38","618991851.12","n/a","1993","Basic Industries","Major Chemicals","http://www.nasdaq.com/symbol/atmi",
"ATO","Atmos Energy Corporation","35.4501","3196649559.9717","n/a","n/a","Public Utilities","Oil/Gas Transmission","http://www.nasdaq.com/symbol/ato",
"ATRC","AtriCure, Inc.","6.9","114880211.4","n/a","1979","Health Care","Medical/Dental Instruments","http://www.nasdaq.com/symbol/atrc",
"ATRI","ATRION Corporation","220.29","443617578.81","n/a","n/a","Health Care","Medical/Dental Instruments","http://www.nasdaq.com/symbol/atri",
"ATTU","Attunity Ltd.","7.3701","76235783.7528","n/a","n/a","Technology","Computer Software: Prepackaged Software","http://www.nasdaq.com/symbol/attu",
"ATW","Atwood Oceanics, Inc.","47.91","3131591300.13","n/a","n/a","Energy","Oil & Gas Production","http://www.nasdaq.com/symbol/atw",
"AUO","AU Optronics Corp","3.42","3018834000","n/a","2002","Technology","Semiconductors","http://www.nasdaq.com/symbol/auo",
"AUBN","Auburn National Bancorporation, Inc.","21.13","76973695.19","n/a","n/a","Finance","Major Banks","http://www.nasdaq.com/symbol/aubn",
"ADNC","Audience, Inc.","6","122021148","n/a","n/a","Technology","Semiconductors","http://www.nasdaq.com/symbol/adnc",
"AUDC","AudioCodes Ltd.","1.66","67334580","n/a","1999","Public Utilities","Telecommunications Equipment","http://www.nasdaq.com/symbol/audc",
"AZC","Augusta Resource Corporation","2.66","383248528.04","n/a","n/a","Basic Industries","Precious Metals","http://www.nasdaq.com/symbol/azc",
"AUQ","AuRico Gold Inc.","5.945","1677263010.515","n/a","n/a","Basic Industries","Precious Metals","http://www.nasdaq.com/symbol/auq",
"AZK","Aurizon Mines, Ltd.","4.62","759565893.24","n/a","n/a","Basic Industries","Precious Metals","http://www.nasdaq.com/symbol/azk",
"AAC","Australia Acquisition Corp.","10.0722","85949436.6426","n/a","n/a","Finance","Business Services","http://www.nasdaq.com/symbol/aac",
"AACOU","Australia Acquisition Corp.","10.26","82080000","n/a","2010","Finance","Business Services","http://www.nasdaq.com/symbol/aacou",
"AACOW","Australia Acquisition Corp.","0.3","0","n/a","n/a","Finance","Business Services","http://www.nasdaq.com/symbol/aacow",
"AUTH","AuthenTec, Inc.","8.0401","360802647.2593","n/a","2007","Technology","Semiconductors","http://www.nasdaq.com/symbol/auth",
"ADAT","Authentidate Holding Corp.","1.4","75674382","n/a","n/a","Technology","EDP Services","http://www.nasdaq.com/symbol/adat",
"ABTL","Autobytel Inc.","3.6118","31968626.9116","n/a","1999","Technology","Computer Software: Programming, Data Processing","http://www.nasdaq.com/symbol/abtl",
"ADSK","Autodesk, Inc.","32.32","7427136000","n/a","n/a","Technology","Computer Software: Prepackaged Software","http://www.nasdaq.com/symbol/adsk",
"ALV","Autoliv, Inc.","62.6","5972918215.4","n/a","n/a","Capital Goods","Auto Parts:O.E.M.","http://www.nasdaq.com/symbol/alv",
"ADP","Automatic Data Processing, Inc.","59.1768","28671444654.6456","n/a","n/a","Technology","EDP Services","http://www.nasdaq.com/symbol/adp",
"AN","AutoNation, Inc.","41.99","5068097262.8","n/a","n/a","Consumer Durables","Automotive Aftermarket","http://www.nasdaq.com/symbol/an",
"AMAP","AutoNavi Holdings Limited","12.57","615419595.15","n/a","2010","Technology","Computer Software: Prepackaged Software","http://www.nasdaq.com/symbol/amap",
"AZO","AutoZone, Inc.","368.14","13780899747.84","n/a","1991","Consumer Services","Other Specialty Stores","http://www.nasdaq.com/symbol/azo",
"AUXL","Auxilium Pharmaceuticals, Inc.","24.25","1193566594.25","n/a","2004","Consumer Durables","Major Pharmaceuticals","http://www.nasdaq.com/symbol/auxl",
"AVGO","Avago Technologies Limited","36.26","8878817482.22","n/a","2000","Technology","Semiconductors","http://www.nasdaq.com/symbol/avgo",
"AWX","Avalon Holdings Corporation","3.8","14452657.8","n/a","n/a","Public Utilities","Environmental Services","http://www.nasdaq.com/symbol/awx",
"AVL","Avalon Rare Metals, Inc.","1.84","190664454.24","n/a","1980","Basic Industries","Precious Metals","http://www.nasdaq.com/symbol/avl",
"AVB","AvalonBay Communities, Inc.","144.41","13994736564.27","n/a","n/a","Consumer Services","Real Estate Investment Trusts","http://www.nasdaq.com/symbol/avb",
"AVNR","Avanir Pharmaceuticals, Inc.","3.46","471187612.86","n/a","n/a","Consumer Durables","Major Pharmaceuticals","http://www.nasdaq.com/symbol/avnr",
"ACP","Avenue Income Credit Strategies Fund","17.42","170748505.72","n/a","2011","n/a","n/a","http://www.nasdaq.com/symbol/acp",
"AVEO","AVEO Pharmaceuticals, Inc.","10.12","441976518.28","n/a","2010","Consumer Durables","Major Pharmaceuticals","http://www.nasdaq.com/symbol/aveo",
"AVY","Avery Dennison Corporation","30.74","3118997703.84","n/a","n/a","Consumer Durables","Containers/Packaging","http://www.nasdaq.com/symbol/avy",
"AVG","AVG Technologies N.V.","10.28","559087576.28","n/a","n/a","Technology","Computer Software: Prepackaged Software","http://www.nasdaq.com/symbol/avg",
"AVNW","Aviat Networks, Inc.","2.3","140931902","n/a","n/a","Technology","Radio And Television Broadcasting And Communications Equipment","http://www.nasdaq.com/symbol/avnw",
"AVID","Avid Technology, Inc.","9.61","373373928.06","n/a","1993","Miscellaneous","Industrial Machinery/Components","http://www.nasdaq.com/symbol/avid",
"ASM","Avino Silver","1.7199","46646123.3784","n/a","1992","Basic Industries","Precious Metals","http://www.nasdaq.com/symbol/asm",
"CAR","Avis Budget Group, Inc.","16.89","1796090656.53","n/a","n/a","Consumer Services","Rental/Leasing Companies","http://www.nasdaq.com/symbol/car",
"AVA","Avista Corporation","25.605","1504797400.35","n/a","n/a","Public Utilities","Power Generation","http://www.nasdaq.com/symbol/ava",
"AV","Aviva plc","11.28","16147320000","n/a","n/a","Finance","Life Insurance","http://www.nasdaq.com/symbol/av",
"AVV","Aviva plc","27.75","0","n/a","n/a","Finance","Life Insurance","http://www.nasdaq.com/symbol/avv",
"AVT","Avnet, Inc.","33.06","4672693490.46","n/a","n/a","Consumer Non-Durables","Electronic Components","http://www.nasdaq.com/symbol/avt",
"AVP","Avon Products, Inc.","15.925","6880684651.75","n/a","n/a","Consumer Non-Durables","Package Goods/Cosmetics","http://www.nasdaq.com/symbol/avp",
"AVX","AVX Corporation","10.47","1772893737.75","n/a","1972","Capital Goods","Electrical Products","http://www.nasdaq.com/symbol/avx",
"AWRE","Aware, Inc.","6.35","141787479.95","n/a","1996","Technology","Semiconductors","http://www.nasdaq.com/symbol/awre",
"ACLS","Axcelis Technologies, Inc.","1.01","108922323.85","n/a","2000","Technology","Industrial Machinery/Components","http://www.nasdaq.com/symbol/acls",
"AXS","Axis Capital Holdings Limited","35.175","4480608032.25","n/a","1992","Finance","Property-Casualty Insurers","http://www.nasdaq.com/symbol/axs",
"AXS^A","Axis Capital Holdings Limited","25.76","0","n/a","n/a","n/a","n/a","http://www.nasdaq.com/symbol/axs^a",
"AXS^C","Axis Capital Holdings Limited","27.92","0","n/a","n/a","n/a","n/a","http://www.nasdaq.com/symbol/axs^c",
"AXTI","AXT Inc","3.3","106763101.5","n/a","1998","Technology","Semiconductors","http://www.nasdaq.com/symbol/axti",
"AZZ","AZZ Incorporated","33.845","855445574.55","n/a","n/a","Consumer Durables","Building Products","http://www.nasdaq.com/symbol/azz",
